{
  "iteration": 1,
  "phase": "exploration",
  "accuracy": 0.7,
  "mrob_50": 0.48999999999999994,
  "flops": 202700900,
  "reward": 1.6799999999999997,
  "timestamp": "2026-03-11T17:00:57.747621"
}